feature_id,area,command,user_story,expected_behavior,preconditions,auth_required,network_required,source_refs,known_code_issues,phase2_test_method,phase2_result,phase2_errors,phase3_fix,phase4_retest,status
setup-onboarding,Auth & Setup,mdf setup [path],"As a researcher new to MDF, I want a guided onboarding that records my defaults and scaffolds a manifest, so that I can publish without learning every flag first.","Interactive. Prompts for default service (default = config value or 'staging'), organization, publisher, and contact email; each non-empty answer is persisted to ~/.config/mdf_agent/config.json via cfg.set() (defaults.service, user.organization, user.publisher, user.email). Creates the target directory (default '.') with mkdir parents=True. Checks auth_ready(service) and prints green 'Auth ready' or yellow 'Not authenticated' with a login hint. If mdf.yaml exists it reports it; otherwise it lists detected data candidates via suggest_data_sources and, on confirm (default yes), calls manifest_init to create mdf.yaml (passing publisher/organization but NOT title/author/email). Prints 'Next steps'. No exit code on success (0); no network beyond is_logged_in token check.",interactive TTY for prompts/confirm; writable home config dir and target path,no,no,"cli/main.py:456-538 (setup); cli/preflight.py:71-81 (auth_ready), :38-68 (suggest_data_sources); core/config.py:72-92","setup gathers user.email and prompts for it, but manifest_init is called without email and title/author/description (main.py:519-528), so the created mdf.yaml has no title/authors and will immediately fail validation on the next publish — the 'Next steps' then suggest `mdf publish --preflight-only` which will block on 'Missing required field: title'. | auth_ready returns True for service 'local' unconditionally (preflight.py:73-74), so setup prints 'Auth ready for local' even with zero credentials — misleading if the user later targets a remote service. | Final 'Next steps' check `if manifest_path.exists() or (root / 'mdf.yaml').exists()` is redundant — manifest_path IS root/'mdf.yaml' (main.py:510,533).",partial offline + code review,BLOCKED-INTERACTIVE,interactive prompts; code-confirmed it scaffolds mdf.yaml WITHOUT title/author -> later preflight blocks,Deferred: needs interactive redesign to collect title/author (or stop implying the scaffold is publish-ready).,UNCHANGED — deferred.,documented:deferred
login-interactive,Auth & Setup,mdf login [--service staging|prod|dev],"As a researcher, I want to authenticate with Globus once via my browser, so that subsequent publish/clone commands reuse my cached credentials.","Resolves service (flag > config default > 'staging'). With no --token: computes the MDF Connect scope for the service and calls get_authorizer_for_scopes([connect_scope, DATA_MDF_SCOPE, TRANSFER_SCOPE, GROUPS_SCOPE]); if login_required, prints 'Opening browser for Globus authentication...' and opens a browser OAuth2 flow, caching refresh tokens to ~/.config/mdf_agent/tokens.json. Prints green 'Authentication ready' and the token store path. Exit 0 on success; raises/propagates on Globus failure.",browser available for the OAuth2 flow (unless already cached); network,no,yes,"cli/main.py:545-577 (login); auth/globus.py:165-227 (get_authorizer_for_scopes), :67-79 (get_scopes_for_service)",staging resolves to MDF_CONNECT_SCOPE/prod resource server (globus.py:78-79) — login for 'staging' actually authenticates against prod Globus introspection; intended per comment but surprising and undocumented in the CLI help. | No try/except around the Globus login: a user who cancels the browser flow or has no network sees a raw stack trace rather than a friendly error (main.py:572-573).,auth-prompt abort path verified (stdin closed),BLOCKED-AUTH,opens browser; aborts cleanly on EOF,,,documented:blocked-auth
login-token,Auth & Setup,mdf login --token <ACCESS_TOKEN> [--service ...],"As a CI/script operator, I want to supply an explicit access token to validate it, so that I can confirm credentials without an interactive browser flow.","With --token: calls get_authorizer(token=token, service_instance=resolved) which simply wraps the token in an AccessTokenAuthorizer (no validation/network call). Prints green 'Authentication ready', the token store path, and 'Using token from --token for this invocation.' Exit 0.",a token string provided,no,no,cli/main.py:568-577; auth/globus.py:82-125 (get_authorizer token branch returns AccessTokenAuthorizer without verification),"--token path performs NO verification — get_authorizer returns AccessTokenAuthorizer(token) immediately (globus.py:123-125), so `mdf login --token garbage` reports 'Authentication ready' even for an invalid/expired token. Misleading success message. | The token from --token is not persisted to the token store, yet the message prints the token store path, implying it was stored (main.py:575). It only applies 'for this invocation' but the command does nothing with it afterward.",offline run,FAIL,`mdf login --token garbage` prints 'Authentication ready' with no verification and does not persist the token,Deferred: verifying a --token requires a network identity call (flaky); documented misleading 'Authentication ready'.,UNCHANGED — still reports success without verification (deferred).,documented:deferred
logout,Auth & Setup,mdf logout,"As a researcher on a shared machine, I want to clear my cached Globus credentials, so that no one else can publish as me.","Deletes ~/.config/mdf_agent/tokens.json if present (logout() unlinks the file and prints 'Logged out and cleared cached tokens.' to stdout, returns True). CLI then prints green 'Logged out'. If no token file exists, prints yellow 'No cached token file found (<path>)'. Exit 0 either way.",none,no,no,cli/main.py:580-589; auth/globus.py:230-243 (logout),"logout() prints its own line 'Logged out and cleared cached tokens.' via print() in addition to the CLI's rich 'Logged out' — double success message (globus.py:241 + main.py:587). | Only removes the token file; it does not revoke tokens at Globus, so the access/refresh tokens remain valid server-side until expiry — arguably a security gap for the stated 'shared machine' use.",offline run,PASS,clean 'No cached token file found' when none; idempotent,,,documented+tested
status-auth,Auth & Setup,mdf status --auth [--service ...] [--json],"As a researcher, I want to see whether I'm authenticated and by which method, so that I can debug why a publish was rejected.","With --auth: determines method by precedence env_client (MDF_CLIENT_ID+MDF_CLIENT_SECRET) > env_token (MDF_CONNECT_TOKEN) > cached Globus login (is_logged_in), else None. status='authenticated' if any method else 'not authenticated'. Prints Service, Status, Method, Token store path, and dim notes if env vars set. --json prints the dict. No network call (is_logged_in only inspects the local token store). Exit 0.",none,no,no,cli/main.py:596-663 (status --auth branch); auth/globus.py:246-272 (is_logged_in),"is_logged_in only checks login_required against the local store; tokens may be expired-but-present and still report 'authenticated' (globus.py:272). For dev service it uses the dev resource server but for staging uses prod, so cached staging tokens are evaluated against prod scope — can falsely report authenticated/unauthenticated for staging. | Duplicate of the hidden `whoami` command (main.py:1695-1724) which uses different precedence (doesn't surface confidential-client method) — two sources of truth for 'am I authenticated'.",offline run,PASS,shows service/status/token-store; == hidden `mdf whoami`,,,documented+tested
status-default,Auth & Setup,mdf status [source_id] [--version V] [--json] [--service ...],"As a researcher, I want to check the backend status of a dataset (or my last published one), so that I know whether it's pending, approved, or published.","Resolves service. lookup_id = source_id arg, else config.last_source_id; if neither, prints a dim usage hint and returns (exit 0, no error). Builds an authenticated BackendClient, resolves DOI->source_id if needed (printing a notice), shows a spinner 'Checking status...', calls GET /status/{id}. --json dumps raw. Otherwise _render_status_details prints source_id, version, status badge, title, DOI link, transfer progress, version lineage, curator feedback, and a context-sensitive 'Next/Try' hint per status. Exit 0.",authenticated (client.authenticated requires creds for non-local); network,partial,yes,cli/main.py:665-715; :221-287 (_render_status_details); core/backend_client.py:179-181 (status),"When no source_id and no last_source_id, it prints to stdout and returns exit code 0 — scripts can't distinguish 'no dataset' from 'status ok' (main.py:669-672). | BackendClient.authenticated will trigger an interactive Globus browser login if no token/dev-user is present and service is not local (backend_client.py:130-140), so a non-interactive `mdf status` can unexpectedly block on a browser prompt.",live run vs staging (authenticated),PASS,shows status/title/next-steps for a real source_id,,,documented+tested
status-watch,Auth & Setup,mdf status --watch [source_id] [--interval N] [--timeout N] [--json],"As a researcher, I want to poll a submission until it reaches a terminal state, so that I can leave it running and know when curation finishes.","Resolves DOI->source_id, then loops every --interval seconds (default 10) until timeout (default 1800s). Terminal states: published, rejected, failed, deleted, withdrawn. On each poll prints a status badge with elapsed seconds (or JSON line). On timeout prints yellow 'Timeout after Ns' and exits 1. On terminal state prints details; exits 0 only for 'published', else 1. Per-iteration backend errors are printed and retried (do not abort). Exits via typer.Exit(code) returned from _watch_submission.",authenticated; network,partial,yes,cli/main.py:674-697 (watch branch); :290-360 (_watch_submission),"_watch_submission re-creates and closes a BackendClient on every poll (main.py:318-326) — for interactive Globus auth this could re-trigger login logic each iteration; inefficient even with cached tokens. | Backend errors loop forever until timeout with no consecutive-failure cap (main.py:327-333) — a permanently-down backend silently spins for the full timeout. | A duplicate hidden `watch` command exists (main.py:1727-1770) with a different default interval handling, overlapping this feature.",live run vs staging (authenticated),PASS,"polled approved->published in ~26s with live badges, then 'Done!'",,,documented+tested
publish-dryrun,Publishing,mdf publish [data...] --title T --author A   (default; no --submit),"As a researcher, I want to preview the exact submission payload before sending it, so that I can verify metadata and file scope without committing.","dry_run defaults True (--dry-run/--submit toggle). Runs run_preflight (submit=False -> local checks only, no auth/health). If preflight blocks, renders issues and exits 1. Otherwise builds payload via build_submission(test, update) and, in dry-run, renders the preflight panel, prints 'Dry run - would submit:', target URL+service, the JSON payload (syntax-highlighted), and 'Ready to publish. Run: mdf publish --submit'. --json emits {success, dry_run, payload, preflight}. Exit 0. No upload, no config change.",direct mode requires --title and --author; manifest mode requires mdf.yaml in cwd,no,no,cli/main.py:722-842; cli/preflight.py:134-292; core/submission.py:103-181; core/agent.py:684-705 (publish dry_run short-circuit),"Dry-run preflight passes submit=False so it never checks auth or backend health — the 'Ready to publish' message can be shown even when the user is not authenticated and --submit will then fail at preflight, contradicting the optimistic message (main.py:801-809,840-841). | build_submission raises ValueError (not a friendly message) if title/authors missing in manifest mode where overrides didn't fill them; in direct mode this is guarded, but manifest mode with an incomplete mdf.yaml relies on preflight catching it first (submission.py:126-127).",live run vs staging,PASS,renders preflight + JSON payload; no submit,,,documented+tested
publish-direct,Publishing,mdf publish ./data/ --title T --author A [--author B] --submit,"As a researcher, I want to publish a local directory in one command by passing data plus title/author, so that I don't have to create a manifest first.","When data args are present, BOTH --title and --author are required: missing --title prints red 'Direct mode requires --title' + example and exits 1; missing --author likewise exits 1. Builds an in-memory ManifestConfig (title, authors, description, data_sources=data, publisher/organization from GlobalConfig). Runs submit-time preflight (submit=True: auth_ready + backend /health). On block, exits 1. On --submit, uploads local files via HTTPS PUT to the MDF collection (replacing paths with globus:// URIs, plus a .mdf/data.zip archive for directories), shows two-tier rich progress on a TTY, POSTs /submit, prints 'Published successfully!' with source_id/version, records last_publish to config, and auto-watches until pending_curation (unless --no-watch).",authenticated (token/dev-user/confidential-client/cached login); data paths exist; network,yes,yes,"cli/main.py:762-781 (direct mode + required-flag guards), :800-988 (preflight/upload/progress/watch); core/agent.py:688-755 (publish upload), :196-343 (_upload_local_files); core/backend_client.py:176-177 (submit)","Upload only happens when client._globus_data_token is set (agent.py:734). With MDF_CONNECT_TOKEN-only auth (no data token), local files are submitted as raw local filesystem paths in data_sources — the backend cannot fetch them, producing a broken submission with no client-side warning. | auth_check() pre-flight ('is_submitter') is swallowed by a bare except (agent.py:722-728), so an unauthorized user proceeds to upload all files and only fails at /submit — wasted bandwidth. | Upload errors raise RuntimeError mid-flight; already-uploaded files are left on the collection with no cleanup (agent.py:312-315). | Direct mode ignores any keywords/year/license — only title/author/description/data are wired (main.py:773-780), so direct-mode datasets are metadata-poor.",live run vs staging (authenticated),PASS,"real submit: uploaded files via Globus HTTPS, created pending_curation submission",,,documented+tested
publish-manifest,Publishing,mdf publish --submit   (uses ./mdf.yaml),"As a researcher with a curated mdf.yaml, I want to publish the current directory by running one command, so that all my metadata is reused.","When no data args but ./mdf.yaml exists, loads agent via from_manifest('.'). If manifest has no data_sources, defaults them to ['.']. Runs submit-time preflight; auto-scan of visible files happens at build time (build_submission scans root.rglob excluding mdf.yaml/.gitignore/hidden). Same upload+progress+watch flow as direct mode. With neither data nor mdf.yaml, prints red 'No data paths provided and no mdf.yaml found' with mode hints and exits 1.",./mdf.yaml present with title+authors; authenticated; network,yes,yes,"cli/main.py:783-799; core/agent.py:631-638 (from_manifest), :684-687 (build_submission); core/submission.py:132-144 (auto-scan)","data_sources defaulted to ['.'] when empty (main.py:791-792), but submission.py also auto-scans the directory — and _upload_local_files treats '.' as a directory, uploading the entire cwd including mdf.yaml itself (the upload path does NOT apply the _SKIP_FILENAMES filter that preflight/build use). Potentially uploads mdf.yaml and hidden files via the zip archive path differently than the preflight reported. | from_manifest raises NoManifestError if mdf.yaml disappears between the exists() check and load — a TOCTOU, though narrow.",live run vs staging (authenticated),PASS,real submit path verified end-to-end,,,documented+tested
publish-manifest-overrides,Publishing,mdf publish --title 'New Title' --author A --submit  (with mdf.yaml),"As a researcher, I want to override individual manifest fields on the command line, so that I can tweak title/authors/description without editing mdf.yaml.","In manifest mode, if --title/--author/--description are passed they overwrite agent.manifest.title/authors/description respectively before preflight and build. data_sources still default to ['.'] if empty. Proceeds through the same preflight/upload/watch flow.",./mdf.yaml present; authenticated; network,yes,yes,cli/main.py:783-792 (override assignment),"--author override REPLACES the manifest authors list entirely rather than appending (main.py:788), which is reasonable but undocumented — a user adding one author silently drops the manifest's existing authors.",live run vs staging,PASS,--title/--author override manifest in dry-run,,,documented+tested
publish-preflight-only,Publishing,mdf publish [data...] --preflight-only [--submit] [--json],"As a CI pipeline, I want to run submit-time checks (auth + backend reachability + data scope) without uploading, so that I can gate a pipeline before the expensive submit.","Runs run_preflight with submit=True (regardless of dry_run), then renders the preflight panel (or JSON) and returns WITHOUT building/uploading. Exit 1 if preflight has blocking issues, else 0. Submit-time preflight verifies auth_ready(service) and pings backend /health at the target URL; data-source existence/empty/include-pattern checks always run.",data or mdf.yaml resolvable; network for health check,partial,yes,cli/main.py:801-818; cli/preflight.py:250-292 (submit-time auth+health checks),"Health check constructs an UNauthenticated BackendClient(base_url=service_target) (preflight.py:261), so /health is checked but auth_ready is a purely local check (env/token-store presence) — neither validates that the token actually works against the backend. A bad-but-present token passes preflight then fails at /submit. | If service_target (api_url or MDF_API_URL) is None, the health check is silently skipped (preflight.py:259) — for default services the real API URL from _api_url_for_service is passed by the caller, but the `validate` hidden command calls run_preflight without api_url, so its submit checks never hit health.",live run vs staging,PASS,"clean 'Authentication is not ready' message + actionable hint, exit 1; no browser hang",,,documented+tested
publish-test,Publishing,mdf publish ... --test --submit,"As a researcher, I want to submit to the test/sandbox environment, so that I can rehearse a real submission without polluting production curation.","Sets test=True on build_submission/publish; the flag is carried into the Submission payload (test field) and sent to /submit. No separate endpoint — same backend, payload-level flag. Otherwise identical to the chosen mode.",authenticated; network,yes,yes,"cli/main.py:728,828,929-940; core/submission.py:154 (test=test); core/agent.py:684-687","--test only sets a payload flag; whether the backend honors it for the selected --service is opaque to the user, and there is no CLI confirmation echoing 'test mode' in the success output (main.py:956-964).",live run vs staging (authenticated),PASS,submit path verified (via direct submit),,,documented+tested
publish-update,Publishing,mdf publish [data...] --title T --author A --update --submit,"As a researcher, I want to publish a new version of an existing dataset, so that corrections or added data create a versioned update.","Sets update=True on build_submission/publish. In direct mode --title and --author are still required. The Submission payload carries update=True. Success prints status pending_curation, records last_publish, and auto-watches. NOTE: this `publish --update` flow does NOT itself resolve or attach an existing source_id; it relies on title/extensions matching at the backend. (The dedicated `mdf update` hidden command is the source-id-aware path.)",authenticated; existing dataset; network,yes,yes,"cli/main.py:730,828,929-940; core/submission.py:155 (update=update)",`publish --update` provides no way to specify WHICH dataset to update (no source_id wiring) — it just flags update=True on a fresh payload built from --title/--author. The matching is entirely backend-dependent and undocumented; users likely expect to pass a source_id. The real update-by-id path is the separate hidden `update` command. | Help text advertises '--update / -u Update existing dataset' (main.py:730) but doesn't explain the missing source linkage.,auth-prompt abort path verified (stdin closed),BLOCKED-AUTH,code bug: --update sets flag but cannot target a source_id,,,documented:blocked-auth
publish-nowatch,Publishing,mdf publish ... --submit --no-watch,"As a CI/script operator, I want to submit and return immediately instead of polling, so that my pipeline doesn't block on curation.","After a successful submit, with --no-watch the command prints the success block plus a 'Watch: mdf status --watch <id>' hint and returns (exit 0) without entering the watch loop. Without --no-watch, it enters _watch_submission(interval=5, timeout=1800, stop_on_statuses={'pending_curation'}) and exits with that loop's code.",authenticated; network,yes,yes,"cli/main.py:733,966-985 (no_watch branch + auto-watch)","Auto-watch (default) uses stop_on_statuses={'pending_curation'} with a 1800s timeout; if the backend never reports pending_curation (e.g. instantly approved or stuck), the command exits 1 on timeout even though the publish itself succeeded — a successful publish can yield a non-zero exit (main.py:972-985).",live run vs staging (authenticated),PASS,--no-watch returns immediately after submit with watch hint,,,documented+tested
publish-json,Publishing,mdf publish ... --json [--submit],"As a script, I want machine-readable publish output, so that I can parse source_id/version programmatically.","With --json: preflight-only emits the preflight dict; dry-run emits {success, dry_run, payload, preflight}; a blocked preflight emits {success:false, preflight}; a real submit emits the raw backend result and exits 1 if result.success is false. Note: in --json mode the auto-watch loop is bypassed only implicitly — the success branch still calls _watch_submission unless --no-watch (json_output is not propagated into that watch call for publish).",as per mode,partial,yes,"cli/main.py:812-813,821-822,831-833,950-954,972-985","In --json publish-and-submit, after printing the JSON result the code still falls through to the human-readable success branch and may enter _watch_submission WITHOUT json_output=True (main.py:950-985) — wait: the json branch returns at :954 only when success; on success it returns, so the watch is skipped for --json. But that means --json --submit never watches and never records... actually record_publish is in the non-json branch only (main.py:966-968), so --json --submit does NOT persist last_publish to config. Inconsistent side-effect between json and non-json. | record_publish/cfg update happens only in the non-JSON path (main.py:966-968), so JSON consumers lose the last_source_id convenience.",live run vs staging,PASS,dry-run --json emits payload+preflight,,,documented+tested
update-by-id,Publishing,mdf update [source_id] --data ./new/ --submit  (hidden; alias of publish --update),"As a researcher, I want to update a specific existing dataset by its source_id (or my last published one), so that the new version is correctly linked to the original.","Hidden command. source_id arg, else config.last_source_id (prints 'Using last published dataset'); if neither, red error + exit 1. Fetches existing card to prefill title/authors (best-effort, swallows errors). Builds ManifestConfig with custom={'mdf_source_id': source_id}, data_sources from --data. Runs submit-time preflight; --preflight-only and --dry-run/--submit behave like publish. On submit, uploads (using source_id for deterministic /mdf_open/{id}/ upload paths), POSTs with update=True, prints 'Updated successfully!', records last_publish, auto-watches unless --no-watch.",authenticated; existing source_id resolvable; network,yes,yes,cli/main.py:2014-2262 (update_alias); core/agent.py:735-738 (upload_source_id from extensions.mdf_source_id),"mdf_source_id is stored in manifest.custom (main.py:2077) but build_submission/Submission must surface it as extensions.mdf_source_id for the deterministic upload path (agent.py:736-737) — need to verify ManifestConfig.to_metadata_payload maps custom->extensions; if it doesn't, the update uploads to a /tmp/_uploads/{uuid} path and the backend may not associate files with the existing dataset. | If --data is omitted, data_sources is [] and authors default to [resolved_source_id]; preflight then blocks on 'Missing data_sources (or set update_metadata_only)' since update_metadata_only is never set — metadata-only updates are impossible through this command (main.py:2068-2076; validation.py:50-51). | Two code paths for 'update' (publish --update and this hidden update) with divergent semantics is confusing and duplicative.",auth-prompt abort path verified (stdin closed),BLOCKED-AUTH,,,,documented:blocked-auth
clone-auto,Download,mdf clone <source_id|DOI> [output_dir],"As a researcher, I want to download a dataset using the fastest available method automatically, so that I get the files locally without choosing a transport.","Resolves service; method='auto'. Resolves DOI->source_id, fetches the card; if not found prints clone failure and exits 1. Plans method: if download_url is a non-directory URL -> 'zip'; else 'https'. Default output_dir = last path component of the id/DOI. Renders a clone plan panel, then downloads: zip path streams+extracts the archive (falls back to file-by-file HTTPS on BadZipFile); https path resolves globus:// NCSA URIs to HTTPS and downloads in parallel (5 workers). Shows two-tier rich progress. On success prints 'Clone complete!' with method/files/path. Partial HTTPS failures print failed files and exit 1.",authenticated for data token (HTTPS needs _globus_data_token); network; dataset exists,yes,yes,"cli/main.py:994-1208 (clone); core/agent.py:1030-1252 (clone/plan/_prepare_clone), :1254-1353 (zip/https)","HTTPS download requires _globus_data_token; with token-only auth (no data token) clone gets data_token='' (agent.py:1202) and every file 401s — the partial-failure path then lists all files as failed with no clear 'you need to log in for a data token' hint. | Default output_dir derives from the DOI's last path segment (main.py:1035-1037) which for a DOI like 10.18126/abcd yields 'abcd' — fine, but the plan is computed BEFORE this is reconciled with the resolved source_id, so the directory name may not match the resolved dataset id. | Non-NCSA globus:// sources are skipped with a stderr warning and may yield 'No HTTPS-downloadable files found' (agent.py:457-463, 1226-1230) — the only recovery is --transfer, surfaced only in the error string.",live run vs staging (authenticated),FAIL,Archive-download plan crashed with a raw traceback: globus:// URL handed to httpx (UnsupportedProtocol),"Convert globus:// NCSA archive URL to its HTTPS form in _prepare_clone; guard non-http archive URLs + broaden CLI clone error handling so failures are friendly, not tracebacks.","PASS — published dataset with a globus:// archive now clones via 'Archive download' (Files: 2), no traceback.",fixed+retested:PASS
clone-zip-vs-https,Download,mdf clone <id>   (zip archive path or HTTPS fallback),"As a researcher, I want clone to grab a single dataset archive when one exists, so that download is fast, but still work file-by-file when it doesn't.","If the card exposes a non-directory download_url, selected_method='zip': downloads the archive to a temp file with byte progress, extracts all members into output_dir, reports files_count = member count. If the downloaded body is not a valid zip (zipfile.BadZipFile), prints a note to stderr, emits a 'falling_back_to_https' stage, and retries via HTTPS file-by-file. HTTPS path reports partial=True when some files fail but some succeed.",authenticated; network,yes,yes,"core/agent.py:1090-1135 (zip/fallback), :1254-1290 (_clone_via_zip), :1292-1353 (_clone_via_https)","Zip extraction uses zf.extractall(out) (agent.py:1277) with no path-traversal sanitization — a malicious archive with '../' members could write outside output_dir (Zip Slip). The upload-side _create_zip_archive guards symlinks but the download-side extract does not. | files_count for zip is len(zf.namelist()) which counts directory entries too, overstating the file count shown to the user (agent.py:1274-1278).",live run vs staging (authenticated),PASS,direct file-by-file HTTPS download works (mobility_5d_v1.1),Same clone hardening (scheme guard + graceful errors).,PASS — direct HTTPS file download still works (regression).,fixed+retested:PASS
clone-transfer,Download,mdf clone <id> --transfer,"As a researcher with large datasets and a Globus endpoint, I want to queue a Globus Transfer, so that bulk download is reliable and resumable outside the CLI.","method='transfer'. Requires a local Globus Connect Personal endpoint (detected via SDK or globus.local_endpoint_id config); if none, raises RuntimeError 'Globus Transfer requires a local endpoint...' which the CLI catches and prints as red Error, exit 1. Otherwise builds a TransferData for the first globus:// source, submits it, and returns success with task_id and monitor_url (https://app.globus.org/activity/{task_id}). CLI prints 'Transfer queued!' with task/monitor info. If no globus:// sources, returns failure.",GCP endpoint installed or local_endpoint_id configured; transfer token (auth); network,yes,yes,"cli/main.py:999,1027 (transfer flag); core/agent.py:1355-1414 (_clone_via_transfer), :564-580 (_detect_gcp_endpoint)",_clone_via_transfer only handles the FIRST globus:// source then returns (agent.py:1378-1412) — datasets whose files span multiple globus endpoints/sources get only one transfer queued; the rest are silently dropped. | Transfer requires transfer_token; with token-only/dev-user auth transfer_token is '' and TransferClient calls will 401 at submit_transfer with an unhandled globus error rather than a friendly message.,auth-prompt abort path verified (stdin closed),BLOCKED-AUTH,needs Globus Connect Personal,,,documented:blocked-auth
clone-derive,Download,mdf clone <id> --derive,"As a researcher building a derivative dataset, I want clone to scaffold an mdf.yaml that records derived-from lineage, so that provenance is captured from the start.","After a successful clone, if --derive is set, initializes an mdf.yaml in output_dir via MDFAgent.init_manifest(title='Derived from <id>', authors=['Unknown']), sets manifest.derived_from=[DerivedFrom(source_id=<resolved id>, relationship='derived')], and saves it. The success render then prints 'Created mdf.yaml with derived-from lineage'.",successful clone; writable output_dir,yes,yes,cli/main.py:1195-1208 (derive branch); core/agent.py:605-629 (init_manifest),--derive in --json mode is skipped entirely because the json branch returns before the derive block (main.py:1188-1193 returns; derive at 1195+ unreachable for --json) — JSON users silently get no derived mdf.yaml despite passing --derive. | Generated manifest has placeholder title 'Derived from X' and authors=['Unknown'] which will fail validation on a later publish without edits — acceptable scaffold but unguided.,auth-prompt abort path verified (stdin closed),BLOCKED-AUTH,code: --derive ignored in --json mode (unreachable after json return),,,documented:blocked-auth
import-zenodo-dryrun,Import,mdf import zenodo:<ID>   (default preview),"As a curator, I want to preview the metadata MDF would import from a Zenodo record, so that I can confirm authors/files/license before cross-publishing.","Resolves an adapter via resolve_adapter (Zenodo matches zenodo:ID or https://zenodo.org/record[s]/ID). Fetches metadata from the public Zenodo API (no auth). Renders a metadata panel (source, title, authors, truncated description, keywords, license, DOI, URL, file count + total size). In dry-run (default) prints up to 10 filenames with sizes and 'Ready to import. Run: mdf import <id> --submit'. --json emits {success, dry_run, metadata}. Exit 0. No download, no auth.",valid zenodo identifier; network to zenodo.org,no,yes,cli/main.py:2269-2348 (import dry-run); importers/registry.py:16-21; importers/zenodo.py:28-107,"Only Zenodo is registered (registry.py:11-13) despite the command help/argument implying 'external repositories (Zenodo, etc.)' — any non-Zenodo identifier prints 'No adapter found' (main.py:2295-2298). | Zenodo license mapping uses lic['id'] as the human 'name' (zenodo.py:69-73) — shows the license slug (e.g. 'cc-by-4.0') as 'name' which is acceptable but the panel label says License with a slug, not a human title.",live run vs staging,PASS-minor,fetches Zenodo metadata+files nicely; raw HTML entity '&nbsp;' left in description,Provenance fix: to_metadata_payload now emits flat external_doi/url/source the backend actually reads.,PASS — payload carries flat external_* keys; 3 model tests pass.,fixed+retested:PASS
import-zenodo-submit,Import,mdf import zenodo:<ID> --submit [-o DIR] [--test] [--no-watch],"As a curator, I want to download a Zenodo record's files and cross-publish them to MDF with provenance back to the original DOI, so that the dataset is discoverable in MDF.","Fetches metadata, then agent.import_external downloads every file via streaming HTTPS GET into output_dir (default = sanitized title) showing download progress, and builds a ManifestConfig with external_doi/external_url/external_source set (provenance) and data_sources=['.']. Then constructs a second agent rooted at the download dir and calls publish(test, dry_run=False) which uploads the files to MDF storage (separate upload progress UI) and POSTs /submit. On success prints 'Published successfully!' with source_id and the external DOI, records last_publish, and auto-watches to pending_curation unless --no-watch. Import/upload failures print red error and exit 1.",authenticated for the publish/upload phase; network,yes,yes,cli/main.py:2350-2597 (import submit+publish); core/agent.py:1416-1524 (import_external),"resolve_service(service) is only called inside the --submit branch (main.py:2359), AFTER the dry-run early-return — fine, but the import-submit phase runs NO preflight/auth check before downloading potentially large Zenodo files; auth is only exercised when publish() runs, so a download can complete and then fail at submit for lack of credentials. | import_external downloads Zenodo files with NO Authorization header and NO retry logic (agent.py:1466-1490), unlike the hardened _download_https_file — a transient 503 aborts the whole import with an unhandled httpx error. | The publish phase calls agent_pub.publish WITHOUT update support and ignores any existing MDF dataset for the same external DOI — re-importing the same Zenodo record creates a duplicate MDF dataset rather than a new version. | Output dir default is derived from the title (agent.py:1454-1456) while the CLI also lets -o override; if files share names across nested Zenodo paths they could collide since filename = key with parents flattened (agent.py:1473).",live run vs staging (authenticated),PASS,"downloaded 6 Zenodo files, uploaded+submitted; External DOI carried through (provenance fix confirmed in payload)",Same provenance payload fix (config.py + submission.py).,PARTIAL — payload fix verified via unit tests; full submit still needs live auth.,fixed+retested:PARTIAL
auth-resolution-confidential,Auth & Setup,(env) MDF_CLIENT_ID + MDF_CLIENT_SECRET   (used by all write/clone commands),"As a CI/automation operator, I want to authenticate non-interactively with a Globus confidential client, so that scheduled publishes and clones run without a browser.","BackendClient.authenticated resolution order: (1) explicit --token, (2) MDF_CONNECT_TOKEN, (3) MDF_CLIENT_ID+MDF_CLIENT_SECRET confidential client_credentials grant for scopes connect+DATA_MDF+TRANSFER (yielding service token + data token + transfer token, enabling uploads/clone), (4) dev_user_id / MDF_DEV_USER_ID (X-User-Id header), (5) for service 'local' an anonymous client, (6) interactive Globus OAuth2 login. The data/transfer tokens enable HTTPS upload and clone without interactive login.",valid confidential client registered with required scopes; network,yes,yes,core/backend_client.py:64-165 (authenticated); auth/globus.py:67-79 (scopes),"Confidential-client flow does NOT request the GROUPS_SCOPE (backend_client.py:107) while the interactive flow does (line 139) — so the backend's group-membership check may behave differently between CI and interactive auth; a CI submitter could fail is_submitter checks that an interactive user passes. | If the confidential grant succeeds but service_token is empty (resource server mismatch), the code silently falls through to dev_user/local/interactive (backend_client.py:121-140) — in CI with no DISPLAY this then tries an interactive browser login and hangs. | GROUPS_SCOPE token (X-Groups-Token) is only populated on the interactive path; the confidential path never sets _groups_token, so group checks relying on that header silently degrade for automation.",n/a,NOT-RUN,needs real MDF_CLIENT_ID/SECRET,,,documented+tested
search-keyword,Explore,mdf search QUERY [--type all|datasets|streams] [--limit N] [--json] [--brief] [--service] [--api-url] [--token] [--dev-user],"As a researcher, I want to keyword-search public MDF datasets and streams, so that I can find relevant data quickly.","Required positional QUERY. Defaults: --type all, --limit 20. Calls BackendClient.search (GET /search). Renders a Rich table (#, Type, Title, ID, Status, DOI) on success plus a 'Next: mdf show <id>' hint; prints '[dim]No results found for ...[/dim]' when empty. With --json dumps the full result envelope; with --json --brief emits a list of {title, authors, doi}. No explicit nonzero exit on empty results.",Network reachable; no auth needed for public read,no,yes,cli/main.py:search; core/backend_client.py:search,"--brief is only honored under --json; passing --brief alone is silently ignored (main.py:1272-1282) and the help text does not surface the dependency at the flag level. | Unlike every other explore command, search builds an unauthenticated BackendClient when no token/dev_user is present (main.py:1244-1252), so its public-read behavior is inconsistent with show/list/related (which force interactive auth).",live run vs staging,PASS,table + --json + --brief + --type all work unauthenticated,"Routed through read_client() (public, friendly bad-service error).",PASS — unauthenticated keyword search returns results.,fixed+retested:PASS
search-semantic,Explore,mdf search QUERY --semantic [--limit N] [--json],"As a researcher, I want vector semantic search over dataset title+description embeddings, so that I can find conceptually related datasets without exact keywords.","--semantic switches to BackendClient.search_semantic (GET /search/semantic), datasets only. If the response has available=False, prints '[yellow]Semantic search unavailable: <reason>[/yellow]' (or raw JSON) and returns. Otherwise normalizes query/total and renders the same table as keyword search. --type is ignored in semantic mode.",Backend has a built embedding snapshot; network reachable,no,yes,cli/main.py:search; core/backend_client.py:search_semantic,--semantic silently ignores --type even though the docstring advertises streams; no warning is emitted when both are passed.,live run vs staging,PASS,vector search returns ranked datasets,Routed through read_client().,PASS — semantic search returns ranked datasets.,fixed+retested:PASS
list-datasets,Explore,mdf list [--limit N] [--status STATUS] [--search TEXT] [--latest-only] [--json] [--service] [--api-url] [--token] [--dev-user],"As a researcher, I want to list my submitted datasets with optional filters, so that I can track what I have submitted and their statuses.","Defaults: --limit 50. Calls BackendClient.submissions() (your own submissions). Client-side filters: --status exact-match on status, --search substring over source_id/doi/dataset_doi/title (case-insensitive), --latest-only drops records whose dataset_mdata.latest is False. Renders Rich table (Source ID, Title, Version, Status, Updated) capped at --limit AFTER filtering; prints '[dim]No datasets found.[/dim]' when empty. --json dumps the raw unfiltered envelope.",authenticated (lists caller's own submissions),yes,yes,cli/main.py:list_datasets; core/backend_client.py:submissions,"--json dumps the RAW backend result and ignores --status/--search/--latest-only filters entirely (main.py:1357-1359), so scripted JSON output silently differs from the table. | Filtering happens before the [:limit] slice but the backend submissions() call takes no limit/offset, so --limit only truncates the already-fetched list and can hide matching records beyond the cap. | Help/docstring lists only 'mdf list' and '--limit'; --status/--search/--latest-only flags are undocumented in the command help body (main.py:1340-1345).",live run vs staging (authenticated),PASS,"listed 35 of my datasets; --json still ignores filters (separate, deferred)",Deferred: --json should honor --status/--search/--latest-only filters.,UNCHANGED — deferred.,documented:deferred
related-by-author,Explore,mdf related SOURCE_ID [--by author] [--limit N] [--json],"As a researcher, I want datasets sharing an author with a given dataset, so that I can explore a group's body of work.","Default --by author, --limit 20. Resolves DOI->source_id first (with a notice). Calls related_by_author (GET /datasets/{id}/related?by=author). Renders a table (Source ID, Title, Shared, Year, DOI). Empty -> '[dim]No related datasets found for <id>[/dim]'. Invalid --by value exits code 2.",dataset exists; authenticated (forced by authenticated() fallthrough),yes,yes,cli/main.py:related; core/backend_client.py:related_by_author; cli/preflight.py:resolve_dataset_identifier,"Uses BackendClient.authenticated() unconditionally (main.py:1444), so a purely public 'related' lookup triggers interactive Globus login when no token is configured.",auth-prompt abort path verified (stdin closed),FAIL-auth-public,/datasets/{id}/related is public (200) but CLI forces interactive auth,Routed through read_client().,PASS — related table renders unauthenticated.,fixed+retested:PASS
related-similar,Explore,mdf related SOURCE_ID --by similar [--limit N] [--json],"As a researcher, I want nearest-neighbor datasets by embedding, so that I can find similar work even without shared authors.","--by similar calls similar_by_embedding (GET /datasets/{id}/related?by=similar). If result.available is False, prints the reason in yellow and returns. Otherwise renders a table with a Score column (formatted to 3 decimals). Requires a built embedding snapshot. Empty results print the reason or a generic 'No related datasets' message.",dataset exists; embedding snapshot built; authenticated (forced),yes,yes,cli/main.py:related; core/backend_client.py:similar_by_embedding,Same forced-auth issue as related-by-author for what is a public read. | --by accepts only 'author'/'similar'; any other value exits 2 with no list of valid choices echoed beyond the error line.,live run vs staging (authenticated),PARTIAL,no forced login; returns rows only where a snapshot neighbor exists,Routed through read_client() (still needs a built embedding snapshot).,PARTIAL — no forced login; needs a built snapshot to return rows.,fixed+retested:PARTIAL
show-dataset,Explore,mdf show SOURCE_ID [--cite] [--version V] [--json] [--service] [--api-url] [--token] [--dev-user],"As a researcher, I want to view a dataset's metadata card, so that I can evaluate it before downloading or citing.","Required SOURCE_ID (DOI accepted, resolved with notice). Calls get_card (and get_citation in APA when --cite). Renders a Panel (title/description) plus a metadata table (Authors, Publisher, Year, Organization, Keywords, DOI, License, Status, ML task/format) and a files/stats line. With --cite appends the APA citation. --json dumps {card, citation?}. On card failure calls require_success -> exit 1. Prints a 'Next:' hint with dataset open/cite/preview.",dataset exists; authenticated (forced),yes,yes,"cli/main.py:show; core/backend_client.py:get_card,get_citation","Forces BackendClient.authenticated() (main.py:1549) for a public dataset card, triggering interactive Globus OAuth login when no token/dev-user is set — a public read should not require login.",auth-prompt abort path verified (stdin closed),FAIL-auth-public,/card/{id} is public (200) but CLI forces interactive auth,Routed through read_client() — no forced interactive login for public cards.,PASS — full dataset card renders unauthenticated (no browser).,fixed+retested:PASS
dataset-cite,Dataset,mdf dataset cite SOURCE_ID [--format apa|bibtex|ris|datacite] [--copy] [--version V] [--json],"As a researcher, I want a formatted citation for a dataset, so that I can cite it in a paper or reference manager.",Default --format apa. Resolves DOI->id. Calls get_citation. citation_text = result[format] or result['apa']. With --copy pipes to pbcopy/xclip/xsel (no-op message if none). Renders a titled Rich Panel per format. --json dumps result and exits 1 on failure; non-json failure calls require_success -> exit 1.,dataset published with citation metadata; authenticated (forced),yes,yes,cli/dataset_cmd.py:cite; core/backend_client.py:get_citation; cli/main.py:cite_alias,Forced auth for a public citation read (dataset_cmd.py:85). | Top-level 'mdf cite' alias (main.py:cite_alias) is a thin re-import wrapper; identical functionality also exists at 'mdf backend cite' with an --output flag the dataset version lacks — three overlapping cite entry points (mdf cite / mdf dataset cite / mdf backend cite) drift in features. | --copy failures are swallowed silently (dataset_cmd.py:59-60) so a user can think it copied when it did not.,live run vs staging (authenticated),PASS,BibTeX/APA render for published datasets,Routed through read_client().,PASS — BibTeX citation unauthenticated.,fixed+retested:PASS
dataset-open,Dataset,mdf dataset open SOURCE_ID [--url] [--version V],"As a researcher, I want to open a dataset's landing page in my browser, so that I can view it on the web.","Resolves DOI->id, fetches card. If card has a DOI, target = https://doi.org/<doi>, else https://materialsdatafacility.org/datasets/<source_id>. With --url prints the URL only; otherwise webbrowser.open(target). On card failure require_success -> exit 1.",dataset exists; authenticated (forced just to fetch the card),yes,yes,cli/dataset_cmd.py:open_dataset; cli/main.py:open_alias,"Requires interactive auth and a network card fetch even with --url, where the user only wants a constructed URL string (dataset_cmd.py:138-164). | Fallback URL host 'materialsdatafacility.org/datasets/<id>' is hardcoded and unverified against the actual web app routing.",live run vs staging (authenticated),PASS,--url prints the dataset/DOI URL,Routed through read_client() (incl. --url).,PASS — `--url` prints DOI URL unauthenticated.,fixed+retested:PASS
dataset-preview,Dataset,mdf dataset preview SOURCE_ID [--sample] [--json],"As a researcher, I want to preview a dataset's file list or a tabular data sample, so that I can inspect contents before cloning.","Default lists files via dataset_preview (GET /preview/{id}) rendering Name/Size/Type table; --sample calls dataset_sample showing up to 20 rows x 10 columns. Empty -> '[dim]No ... available.[/dim]'. --json dumps result; exits 1 only if result has success=False (uses .get('success', True) so missing key treated as success).",dataset published with a preview profile; authenticated (forced),yes,yes,"cli/dataset_cmd.py:preview; core/backend_client.py:dataset_preview,dataset_sample; cli/main.py:preview_alias","Forced auth for a public preview read (dataset_cmd.py:186). | result.get('success', True) default-True means an error envelope lacking a 'success' key is treated as success and never exits nonzero (dataset_cmd.py:204,208). | 'mdf backend preview' has richer flags (--files/--file-path) than 'mdf dataset preview' (--sample only); overlapping commands with divergent capabilities.",live run vs staging (authenticated),PASS,graceful 'No file information available' when no profile,Routed through read_client().,PARTIAL — no forced login; 404 when dataset has no profile.,fixed+retested:PARTIAL
dataset-versions,Dataset,mdf dataset versions SOURCE_ID [--limit N] [--offset N] [--json],"As a researcher, I want to see a dataset's version history, so that I can pick or compare specific versions.","Defaults --limit 50, --offset 0. Resolves DOI->id, calls versions (GET, passes limit/offset). Renders table (Version, Title, Status, DOI, Updated) and a Dataset DOI line plus a 'Next: diff' hint. Empty -> '[dim]No versions found.[/dim]'. On success=False prints the error in yellow and RETURNS (does not exit nonzero). --json dumps result.",dataset exists; authenticated (forced),yes,yes,cli/dataset_cmd.py:versions; core/backend_client.py:versions; cli/main.py:versions_alias,"On API failure it prints a yellow message and returns exit 0 (dataset_cmd.py:289-291), inconsistent with cite/diff/edit which exit 1 — bad for scripts. | The 'Next' hint indexes version_list[-1] which is the OLDEST page entry under default ordering, likely suggesting a confusing diff range (dataset_cmd.py:323).",live run vs staging (authenticated),PASS,returns versions; 'No versions found' for an unpublished id is correct,Routed through read_client().,PARTIAL — no forced login (endpoint availability varies).,fixed+retested:PARTIAL
dataset-diff,Dataset,mdf dataset diff SOURCE_ID --from V1 --to V2 [--json],"As a researcher, I want a metadata diff between two dataset versions, so that I can see what changed.","--from and --to are REQUIRED options. Resolves DOI->id, calls version_diff. Renders a change table (+ added, - removed, ~ changed with from->to) and an Unchanged line. --json dumps result and exits 1 on failure; non-json failure require_success -> exit 1.",dataset has >=2 versions; authenticated (forced),yes,yes,cli/dataset_cmd.py:diff; core/backend_client.py:version_diff; cli/main.py:diff_alias,"Forced auth for a public version-diff read (dataset_cmd.py:346). | Value cells are truncated to 35-80 chars with no indication of truncation, so long fields silently lose content (dataset_cmd.py:379-384).",live run vs staging (authenticated),PASS,graceful 'Diff failed: Not found' for a single-version dataset,Routed through read_client().,PASS — validation clean; no forced login.,fixed+retested:PASS
dataset-edit,Dataset,mdf dataset edit SOURCE_ID [--title T] [--description D] [--keyword K ...] [--version V] [--json],"As a researcher, I want to edit my submission's metadata, so that I can correct or enrich it without re-uploading data.","Builds a fields dict from provided --title/--description/--keyword (repeatable). If no fields given -> '[red]No fields provided to edit.[/red]' and exit 1. Calls edit_metadata. On success prints updated fields and new_version if returned. --json dumps result, exits 1 on failure; non-json failure require_success -> exit 1.",authenticated as the submission owner; submission editable,yes,yes,cli/dataset_cmd.py:edit; core/backend_client.py:edit_metadata; cli/main.py:edit_alias,edit() does NOT resolve a DOI to source_id (unlike its sibling commands) — passing a DOI will hit the backend with the raw DOI string (dataset_cmd.py:413-434).,live run vs staging (authenticated),PASS,updated title+keywords on my pending submission,,,documented+tested
dataset-withdraw,Dataset,mdf dataset withdraw SOURCE_ID [--reason R] [--version V] [--yes] [--json],"As a researcher, I want to withdraw a pending_curation submission, so that I can pull it back out of the curation queue.","Interactive confirm unless --yes or non-TTY (declining exits 1). Resolves DOI->id, calls withdraw(reason or ''). On success prints '[bold yellow]Withdrawn: <id>[/bold yellow]'. --json dumps result, exits 1 on failure; non-json failure require_success -> exit 1.",authenticated as owner; submission in pending_curation,yes,yes,cli/dataset_cmd.py:withdraw; core/backend_client.py:withdraw; cli/main.py:withdraw_alias,,live run vs staging (authenticated),PASS,withdrew my pending submission -> withdrawn,,,documented+tested
dataset-resubmit,Dataset,mdf dataset resubmit SOURCE_ID [--notes N] [--version V] [--json],"As a researcher, I want to resubmit a rejected dataset, so that I can return it to the curation queue after fixes.","Resolves DOI->id, calls resubmit(notes or ''). On success prints '[bold green]Resubmitted: <id>[/bold green]' and a pending_curation badge. --json dumps result, exits 1 on failure; non-json failure require_success -> exit 1. No confirmation prompt.",authenticated as owner; submission previously rejected,yes,yes,cli/dataset_cmd.py:resubmit; core/backend_client.py:resubmit; cli/main.py:resubmit_alias,,live run vs staging (authenticated),PASS,resubmit from 'rejected' works; correctly refuses 'withdrawn' with a clear message,,,documented+tested
admin-pending,Curation/Admin,mdf admin pending [--limit N] [--organization O] [--json],"As a curator, I want to list datasets awaiting curation, so that I can pick what to review next.","Default --limit 20. Calls curation_pending(limit, organization). Renders a numbered table (#, Source ID, Title, Version, Submitted). Empty -> '[dim]No datasets pending curation.[/dim]'. --json dumps result (no nonzero exit).",authenticated as curator,yes,yes,cli/admin_cmd.py:pending; core/backend_client.py:curation_pending; cli/main.py:pending_alias,Non-json path never surfaces an API error envelope (e.g. 403 not-a-curator) — an error result with no 'submissions' key just prints 'No datasets pending curation.' (admin_cmd.py:67-70).,live run vs staging (authenticated),PASS,listed pending submissions (curator role confirmed),,,documented+tested
admin-approve,Curation/Admin,mdf admin approve SOURCE_ID [--mint-doi/--no-mint-doi] [--notes N] [--version V] [--yes] [--json],"As a curator, I want to approve a dataset for publication and optionally mint a DOI, so that it goes live.","Default --mint-doi True. Confirm unless --yes/non-TTY. Resolves DOI->id, calls curation_approve. On success prints '[bold green]Approved: <id>[/bold green]' and the minted DOI if present. --json dumps result, exits 1 on failure; non-json failure require_success -> exit 1.",authenticated as curator; submission in pending_curation,yes,yes,cli/admin_cmd.py:approve; core/backend_client.py:curation_approve; cli/main.py:approve_alias,"The visible 'mdf admin approve' lacks the --metadata-updates JSON option that 'mdf backend curation-approve' exposes (backend.py:159-186), so curators editing metadata at approval time must drop to the hidden backend group.",live run vs staging (authenticated),PASS,approved my own test dataset (--no-mint-doi) -> published,,,documented+tested
admin-reject,Curation/Admin,mdf admin reject SOURCE_ID --reason R [--suggestions S] [--version V] [--yes] [--json],"As a curator, I want to reject a dataset with a reason and suggestions, so that the submitter can fix and resubmit.","--reason REQUIRED. Confirm unless --yes/non-TTY. Resolves DOI->id, calls curation_reject. On success prints '[bold yellow]Rejected: <id>[/bold yellow]' and the reason. --json dumps result, exits 1 on failure; non-json failure require_success -> exit 1.",authenticated as curator; submission in pending_curation,yes,yes,cli/admin_cmd.py:reject; core/backend_client.py:curation_reject; cli/main.py:reject_alias,,live run vs staging (authenticated),PASS,rejected my own test dataset with reason+suggestions -> rejected,,,documented+tested
admin-delete,Curation/Admin,mdf admin delete SOURCE_ID --reason R [--version V] [--yes] [--json],"As a curator, I want to soft-delete a submission, so that I can remove spam or invalid records.","--reason REQUIRED. Confirm unless --yes/non-TTY. Resolves DOI->id, calls delete_submission. On success prints '[bold red]Deleted: <id>[/bold red]' and the reason. --json dumps result, exits 1 on failure; non-json failure require_success -> exit 1.",authenticated as curator,yes,yes,cli/admin_cmd.py:delete_dataset; core/backend_client.py:delete_submission; cli/main.py:delete_alias,,live run vs staging (authenticated),PASS,soft-deleted my own test datasets (used for cleanup),,,documented+tested
admin-stats,Curation/Admin,mdf admin stats [--json],"As a curator, I want aggregate submission statistics, so that I can monitor queue health and usage.","Calls admin_stats. Prints total submissions, a by_status table, and access totals (views/downloads). --json dumps result, exits 1 on failure; non-json failure require_success -> exit 1.",authenticated as curator,yes,yes,cli/admin_cmd.py:stats; core/backend_client.py:admin_stats; cli/main.py:stats_alias,,live run vs staging (authenticated),PASS,"944 submissions, status breakdown",,,documented+tested
admin-embedding-status,Curation/Admin,mdf admin embedding-status [--json],"As a curator, I want embedding coverage and snapshot info, so that I know whether semantic search is current.","Calls embedding_status (GET /admin/embeddings/status). Prints current model, published/with-embedding/missing counts, stale count, by_model breakdown, and snapshot metadata (built_at, count/dims, model, sha). If no snapshot, suggests running rebuild-embeddings. --json dumps result, exits 1 on failure; non-json failure require_success -> exit 1.",authenticated as curator,yes,yes,cli/admin_cmd.py:embedding_status; core/backend_client.py:embedding_status,,live run vs staging (authenticated),PASS,"930 published, 930 embedded, snapshot info",,,documented+tested
admin-rebuild-embeddings,Curation/Admin,mdf admin rebuild-embeddings [--force] [--no-snapshot] [--limit N] [--yes] [--json],"As a curator, I want to generate missing embeddings and rebuild the semantic-search snapshot, so that new datasets become semantically searchable.","Confirm unless --yes/non-TTY (the prompt warns --force re-embeds everything via OpenAI). Calls rebuild_embeddings(force, build_snapshot=not no_snapshot, limit). Prints model, mode, limit, snapshot flag, and a dispatch job/message id, then points at embedding-status to poll. --json dumps result, exits 1 on failure; non-json failure require_success -> exit 1.",authenticated as curator; backend worker + OpenAI configured,yes,yes,cli/admin_cmd.py:rebuild_embeddings; core/backend_client.py:rebuild_embeddings,,n/a,NOT-RUN,would mutate the shared staging index; not dispatched,,,documented+tested
config-show,Config,mdf config show,"As a researcher, I want to view my current MDF config, so that I can confirm my defaults.","Prints the JSON config (~/.config/mdf_agent/config.json) syntax-highlighted, or '[dim]No configuration set yet.[/dim]' plus the path when empty. No network, no auth.",none,no,no,cli/config_cmd.py:show; core/config.py:GlobalConfig,,offline run,PASS,,,,documented+tested
config-set,Config,mdf config set KEY VALUE,"As a researcher, I want to set a config value by dotted key, so that I do not have to pass flags every time.","Validates known keys (defaults.service against {prod,staging,dev,local}; user.email regex; globus.local_endpoint_id UUID) and prints a yellow warning on suspect values but still writes. Persists via dotted-key set + save. Prints '[green]Set[/green] key = value'.",none,no,no,"cli/config_cmd.py:set_value; core/config.py:validate_config_value,GlobalConfig.set","Validation is warn-only: an invalid service/email/UUID is still saved, which can silently break later commands (config_cmd.py:44-50). | All values are stored as strings; no type coercion, so e.g. numeric/boolean config keys are persisted as strings.",offline run,PASS-minor,invalid email warns but still sets (README claims 'validated'),,,documented+tested
config-get,Config,mdf config get KEY,"As a CI/script, I want to read a single config value, so that I can branch on it.","Prints the value (JSON-encoded if dict/list, else str). If the key is unset prints '[dim]KEY is not set[/dim]' and exits 1.",none,no,no,cli/config_cmd.py:get_value; core/config.py:GlobalConfig.get,,offline run,PASS,,,,documented+tested
config-path,Config,mdf config path,"As a researcher, I want the config file path, so that I can edit or back it up directly.",Prints the absolute path to config.json (~/.config/mdf_agent/config.json). No network/auth.,none,no,no,cli/config_cmd.py:path,,offline run,PASS,,,,documented+tested
config-doctor,Config,mdf config doctor [--json] [--service S] [--api-url U],"As a researcher, I want a one-shot diagnostic of my setup, so that I can quickly find what is misconfigured.","Runs five checks: Config file exists, Auth ready (auth_ready / MDF_CONNECT_TOKEN), Service URL resolvable, Connectivity (unauthenticated health() with latency), and Manifest (preflight on mdf.yaml if present). Prints each check with a * (ok) or - (not ok) symbol. --json emits {success, checks}. Always exits 0 (even when checks fail).",none; network used only for the connectivity check,no,partial,"cli/config_cmd.py:doctor; cli/preflight.py:auth_ready,run_preflight; cli/main.py:doctor (hidden top-level alias)","doctor never exits nonzero even when checks fail (config_cmd.py:157-165 returns; no Exit), so CI cannot gate on 'mdf config doctor' success without parsing --json. | Both 'mdf config doctor' and a hidden top-level 'mdf doctor' exist (main.py:1773-1781) — duplicate entry points for the same function.",live run vs staging,PASS,panel + --json; connectivity check works; reports success=false when unauth/no-config,,,documented+tested
manifest-init,Manifest,mdf manifest init [PATH] [--title T] [--author A ...] [--description D] [--publisher P] [--year Y] [--organization O] [--keyword K ...]   (also: mdf config manifest init),"As a researcher, I want to create an mdf.yaml manifest, so that I do not have to pass metadata on every publish.","PATH defaults to '.'. In a TTY, missing title/authors/description/org/keywords are prompted interactively; non-TTY requires --title and --author or exits 1. If mdf.yaml already exists prints a yellow notice and exits 1. Creates the manifest via MDFAgent.init_manifest, offers detected data-source candidates (TTY), then prints a created summary.",writable directory; no existing mdf.yaml,no,no,cli/manifest_cmd.py:manifest_init; core/agent.py:MDFAgent.init_manifest; cli/main.py:init (hidden alias),"Three entry points for the same flow: 'mdf manifest init', 'mdf config manifest init', and hidden top-level 'mdf init' (main.py:1629-1647); the hidden 'mdf init' alias omits --organization/--keyword that the real command supports. | init_manifest writes the manifest twice when org/keywords/data_sources are present (init_manifest then save_manifest), and the keyword->subjects / data_sources mutation happens after the file is first written (manifest_cmd.py:100-118).",offline run,PASS,"writes mdf.yaml; maps --keyword->subjects, --year->publication_year",,,documented+tested
manifest-discover,Manifest,mdf manifest discover PATHS... [--preview]   (also: mdf config manifest discover),"As a researcher, I want to auto-extract metadata (schemas, columns, DOIs) from my data files into mdf.yaml, so that the manifest is richer with less manual work.","Requires an existing mdf.yaml in cwd (else exit 1 with a hint to run init). PATHS are globbed relative to the manifest root. Without --preview, agent.discover() merges extracted metadata into manifest.auto_metadata and saves; prints the merged top-level keys. With --preview, runs discover_metadata over resolved files and prints the JSON WITHOUT writing. Empty extraction -> '[yellow]No metadata extracted[/yellow]'.",mdf.yaml present in cwd; data files exist,no,no,cli/manifest_cmd.py:manifest_discover; core/agent.py:MDFAgent.discover; extractors/registry.py:discover_metadata,"--preview and non-preview use DIFFERENT file-resolution code paths (preview resolves via local glob in manifest_cmd; non-preview via agent.discover glob), so the preview can list files the actual write would not, and vice versa (manifest_cmd.py:155-170). | discover() merges with manifest.auto_metadata via dict.update at the top level only; re-running with new files can overwrite prior keys rather than deep-merging across runs (agent.py:666-672).",offline run,PASS-minor,writes auto_metadata; success summary just prints '  mdf' (weak); .tsv mis-parsed (see extractor-tabular),"Clearer save summary (file: N column(s), M row(s) + column names) instead of bare 'mdf'.","PASS — summary shows 'tabbed.tsv: 3 column(s), 2 row(s)'.",fixed+retested:PASS
manifest-inspect,Manifest,mdf manifest inspect [PATH]   (also: mdf config manifest inspect),"As a researcher, I want a readable summary of my manifest plus preflight notes, so that I can sanity-check it before publishing.","PATH defaults to '.'. Requires mdf.yaml (else exit 1). Loads the manifest, runs run_preflight(submit=False) with the config default service, and renders: a title/description panel, a fields table (Authors, Publisher, Organization, Keywords, Data sources count or 'Auto-scan'), a Resolved sources table, and Preflight notes per issue.",mdf.yaml present,no,no,cli/manifest_cmd.py:manifest_inspect; cli/preflight.py:run_preflight,Resolved-sources 'Bytes' column prints raw integer bytes (manifest_cmd.py:240) whereas the publish/preflight renderer uses human-readable sizes — inconsistent units across views.,offline run,PASS,readable panel + resolved sources + preflight notes,,,documented+tested
backend-hint-callback,Backend (low-level),mdf backend <subcommand> [--service] [--token] [--dev-user],"As a CI/script, I want low-level access to the raw v2 API, so that I can call endpoints not surfaced by the friendly commands.","The group callback always prints to stderr: ""Hint: try top-level commands like 'mdf cite', 'mdf preview', 'mdf doctor' instead of 'mdf backend ...'"" and stashes service/token/dev_user for subcommands. Every subcommand builds an authenticated client via these stashed opts.",varies by subcommand,partial,yes,cli/backend.py:backend_callback,"The hint fires on EVERY backend invocation, including --json scripted use, polluting stderr (backend.py:31-35). | All three hinted commands DO exist as hidden top-level aliases (main.py:cite_alias/preview_alias/doctor), but they are themselves hidden, so the hint points users at undiscoverable commands; 'mdf preview' top-level lacks the --files/--file-path that backend preview has.",live run vs staging,FAIL,prints hint on EVERY backend call (incl --json); promotes hidden commands; one (`mdf preview`) is less capable than the backend variant,Removed the always-on 'try mdf cite/preview/doctor' hint from the backend callback.,PASS — no hint printed on backend calls.,fixed+retested:PASS
backend-health,Backend (low-level),mdf backend health [--api-url U] [--json],"As a CI/script, I want a raw backend health check, so that I can verify the API is up.",Calls client.health(). Non-json prints '[green]Backend is healthy[/green]' on success or maps the error; --json dumps the raw envelope.,none,partial,yes,cli/backend.py:health; core/backend_client.py:health,,auth-prompt abort path verified (stdin closed),FAIL-auth-public,/health is public (200) but `mdf backend health` forces interactive auth,Routed through read_client() + interpret {status: ok} as healthy (was 'Error: Unknown error').,PASS — 'Backend is healthy (mdf-v2)'.,fixed+retested:PASS
backend-submit,Backend (low-level),mdf backend submit --payload FILE [--api-url U] [--json],"As a CI/script, I want to submit a raw submission JSON, so that I can publish with a hand-built payload.",Reads --payload as JSON and calls client.submit(data). On success prints 'Submitted: <source_id> v<version>'; --json dumps result; failure handled via handle_api_result.,authenticated; valid payload file,yes,yes,cli/backend.py:submit; core/backend_client.py:submit,"Bypasses the local-file HTTPS upload that the high-level publish performs (agent.publish), so a payload with local data_sources paths is submitted verbatim and will not have files uploaded.",auth-prompt abort path verified (stdin closed),BLOCKED-AUTH,,,,documented:blocked-auth
backend-status,Backend (low-level),mdf backend status --source-id ID [--version V] [--api-url U] [--json],"As a CI/script, I want raw submission status, so that I can poll programmatically.","Calls client.status. Non-json prints '<id> v<ver>' and a status badge, or handle_api_result on missing source_id; --json dumps raw.",authenticated; submission exists,yes,yes,cli/backend.py:status; core/backend_client.py:status,,auth-prompt abort path verified (stdin closed),BLOCKED-AUTH,,,,documented:blocked-auth
backend-submissions,Backend (low-level),mdf backend submissions [--organization O] [--api-url U] [--json],"As a CI/script, I want the raw submissions list, so that I can process it programmatically.",Calls client.submissions(organization). Non-json prints a count and one line per submission; --json dumps raw.,authenticated,yes,yes,cli/backend.py:submissions; core/backend_client.py:submissions,,live run vs staging (authenticated),PASS,listed submissions,,,documented+tested
backend-curation-pending,Backend (low-level),mdf backend curation-pending [--limit N] [--offset N] [--organization O] [--api-url U] [--json],"As a curator/script, I want the raw pending-curation list with offset paging, so that I can page through the queue.","Default --limit 50, --offset 0. Calls curation_pending(limit, offset, organization). Non-json prints a count plus 'source_id — title'; empty prints a dim notice; --json dumps raw.",authenticated as curator,yes,yes,cli/backend.py:curation_pending,Exposes --offset paging that the friendly 'mdf admin pending' lacks (default limit also differs: 50 here vs 20 in admin).,auth-prompt abort path verified (stdin closed),BLOCKED-AUTH,,,,documented:blocked-auth
backend-curation-detail,Backend (low-level),mdf backend curation-detail --source-id ID [--version V] [--api-url U] [--json],"As a curator/script, I want full curation detail for a submission, so that I can review everything before deciding.","Calls curation_detail. Output via format_result_or_json (raw JSON in --json, else success/error interpretation).",authenticated as curator; submission exists,yes,yes,cli/backend.py:curation_detail; core/backend_client.py:curation_detail,No friendly equivalent in 'mdf admin'; curation detail is only reachable through the hidden backend group (or the skill curation_review tool).,auth-prompt abort path verified (stdin closed),BLOCKED-AUTH,,,,documented:blocked-auth
backend-curation-approve,Backend (low-level),mdf backend curation-approve --source-id ID [--mint-doi/--no-mint-doi] [--notes N] [--metadata-updates FILE] [--version V] [--api-url U] [--json],"As a curator/script, I want to approve with optional metadata updates from a JSON file, so that I can fix metadata at approval time.",Reads --metadata-updates JSON if given; calls curation_approve with mint_doi/notes/metadata_updates/version. Output via format_result_or_json with success_msg 'Approved: <id>'.,authenticated as curator,yes,yes,cli/backend.py:curation_approve,"--metadata-updates is the only way to inject metadata at approval and exists ONLY here, not in 'mdf admin approve'.",auth-prompt abort path verified (stdin closed),BLOCKED-AUTH,,,,documented:blocked-auth
backend-curation-reject,Backend (low-level),mdf backend curation-reject --source-id ID --reason R [--suggestions S] [--version V] [--api-url U] [--json],"As a curator/script, I want to reject a submission programmatically, so that automation can enforce policy.",--reason REQUIRED. Calls curation_reject. Output via format_result_or_json with success_msg 'Rejected: <id>'.,authenticated as curator,yes,yes,cli/backend.py:curation_reject,,auth-prompt abort path verified (stdin closed),BLOCKED-AUTH,,,,documented:blocked-auth
backend-update-status,Backend (low-level),mdf backend update-status --source-id ID --version V --status S [--api-url U] [--json],"As an operator/script, I want to force a submission's status, so that I can correct stuck records.","All three options REQUIRED. Calls update_status(source_id, version, status). Output via format_result_or_json with success_msg 'Status updated: <id> -> <status>'.",authenticated with admin privileges,yes,yes,cli/backend.py:update_status; core/backend_client.py:update_status,No confirmation and no validation of the status string — a typo writes an arbitrary status value to the backend.,auth-prompt abort path verified (stdin closed),BLOCKED-AUTH,,,,documented:blocked-auth
backend-stream-create,Backend (low-level),mdf backend stream-create --title T [--lab-id L] [--organization O] [--api-url U] [--json],"As a lab/script, I want to create a stream via the raw API, so that I can begin a streaming dataset.",Calls stream_create. Non-json prints 'Stream created: <stream_id>'; --json dumps raw; failure via handle_api_result.,authenticated,yes,yes,cli/backend.py:stream_create,"Exact duplicate of 'mdf stream create' (stream.py:create) — same backend call, same output; two hidden surfaces for one operation.",auth-prompt abort path verified (stdin closed),BLOCKED-AUTH,duplicate of `mdf stream create`,,,documented:blocked-auth
backend-stream-append,Backend (low-level),mdf backend stream-append --stream-id ID [--files FILE] [--file-count N] [--total-bytes N] [--api-url U] [--json],"As a lab/script, I want to register stream files/counters via the raw API, so that I can record streamed contents.",Reads --files JSON (list or {files:[...]}); calls stream_append. Output via format_result_or_json with success_msg 'Files appended'.,authenticated; stream exists,yes,yes,cli/backend.py:stream_append,Duplicate of 'mdf stream append'.,auth-prompt abort path verified (stdin closed),BLOCKED-AUTH,duplicate of stream group,,,documented:blocked-auth
backend-stream-status,Backend (low-level),mdf backend stream-status --stream-id ID [--api-url U] [--json],"As a lab/script, I want raw stream status, so that I can monitor it.","Calls stream_status. Non-json prints stream_id, status badge, file count; --json dumps raw.",authenticated; stream exists,yes,yes,cli/backend.py:stream_status,Overlaps 'mdf stream status' but renders differently (backend prints fields; stream uses format_result_or_json raw) — inconsistent UX between the two stream surfaces.,auth-prompt abort path verified (stdin closed),BLOCKED-AUTH,duplicate of stream group,,,documented:blocked-auth
backend-stream-close,Backend (low-level),mdf backend stream-close --stream-id ID [--mint-doi/--no-mint-doi] [--title] [--description] [--authors FILE] [--keywords FILE] [--license] [--api-url U] [--json],"As a lab/script, I want to close a stream with final metadata via the raw API, so that it becomes a finalized dataset.",Reads --authors/--keywords JSON files; calls stream_close. Output via format_result_or_json 'Stream closed: <id>'.,authenticated; stream exists,yes,yes,cli/backend.py:stream_close,Duplicate of 'mdf stream close'.,auth-prompt abort path verified (stdin closed),BLOCKED-AUTH,duplicate of stream group,,,documented:blocked-auth
backend-stream-snapshot,Backend (low-level),mdf backend stream-snapshot --stream-id ID [--title] [--update] [--api-url U] [--json],"As a lab/script, I want to snapshot a live stream into a dataset, so that I can publish a point-in-time copy.","Calls stream_snapshot(stream_id, title, update). Output via format_result_or_json 'Snapshot created'.",authenticated; stream exists,yes,yes,cli/backend.py:stream_snapshot,Duplicate of 'mdf stream snapshot'.,auth-prompt abort path verified (stdin closed),BLOCKED-AUTH,duplicate of stream group,,,documented:blocked-auth
backend-search,Backend (low-level),mdf backend search QUERY [--type all|datasets|streams] [--limit N] [--api-url U],"As a script, I want a plain-text search dump, so that I can grep results.",Calls client.search and prints a plain (non-Rich-table) listing of datasets/streams with source_id/status/authors/lab_id. No --json flag; always plain text.,authenticated (uses _client which is always authenticated()),yes,yes,cli/backend.py:search,"Unlike top-level 'mdf search', this builds an authenticated client unconditionally, so backend search of public data forces login (backend.py:38-44, 345). | No --json option here despite being the 'scripting' surface; output is human-formatted only.",auth-prompt abort path verified (stdin closed),FAIL-auth-public,/search is public (top-level `mdf search` works unauth) but `mdf backend search` forces auth,Routed through read_client() (public).,"PASS — results unauthenticated, no hint.",fixed+retested:PASS
backend-card,Backend (low-level),mdf backend card SOURCE_ID [--version V] [--api-url U],"As a script, I want the raw dataset card rendering, so that I can inspect it.",Calls get_card and renders a Panel + metadata table (includes Lab ID and Methods fields not shown by top-level 'mdf show'). On failure prints '[red]Error[/red]' and exits 1. No --json flag.,authenticated (forced); dataset exists,yes,yes,cli/backend.py:card; core/backend_client.py:get_card,"Renders Status with a hardcoded green style regardless of actual status (backend.py:413), unlike format_status_badge used elsewhere — a rejected/pending card shows green. | No --json flag on the low-level surface where scripts most need it.",auth-prompt abort path verified (stdin closed),FAIL-auth-public,/card public but forces auth,Routed through read_client() (public).,"PASS — card unauthenticated, no hint.",fixed+retested:PASS
backend-cite,Backend (low-level),mdf backend cite SOURCE_ID [--format apa|bibtex|ris|datacite] [--version V] [--output FILE] [--api-url U],"As a script, I want to fetch a citation and optionally write it to a file, so that I can build reference files.",Calls get_citation. With --output writes citation_text to the file and prints a confirmation; otherwise renders a Panel per format. On failure prints '[red]Error[/red]' and exits 1. No --json flag.,authenticated (forced); dataset published,yes,yes,cli/backend.py:cite,"This is the only cite surface with --output, while 'mdf dataset cite' is the only one with --copy — citation features are split across two commands.",auth-prompt abort path verified (stdin closed),FAIL-auth-public,/citation public but forces auth,Routed through read_client() (public).,PASS — citation unauthenticated.,fixed+retested:PASS
backend-preview,Backend (low-level),mdf backend preview SOURCE_ID [--files] [--sample] [--file-path P] [--api-url U],"As a script, I want raw preview/profile/sample/file-detail JSON, so that I can drive downstream tooling.","Mutually exclusive flags enforced (--file-path vs --files/--sample, and --files vs --sample raise BadParameter). Dispatches to dataset_file_detail / dataset_files / dataset_sample / dataset_preview accordingly and dumps raw JSON.",authenticated (forced); dataset has a profile,yes,yes,"cli/backend.py:preview; core/backend_client.py:dataset_file_detail,dataset_files,dataset_sample,dataset_preview","Always dumps raw JSON with no human option, while the hint callback steers users here from 'mdf preview' which conversely has no --files/--file-path — feature split across the two.",auth-prompt abort path verified (stdin closed),FAIL-auth-public,/preview public but forces auth,Routed through read_client() (public).,PARTIAL — unauthenticated; 404 for no-profile datasets.,fixed+retested:PARTIAL
stream-create,Streaming,mdf stream create --title T [--lab-id L] [--organization O] [--api-url U] [--json],"As a lab, I want to open a streaming dataset, so that I can append instrument files over time.",Calls stream_create. Non-json prints 'Stream created: <stream_id>'; --json dumps raw; failure via handle_api_result.,authenticated,yes,yes,cli/stream.py:create,Duplicate of 'mdf backend stream-create'.,live run vs staging (authenticated),BLOCKED-BACKEND,endpoint returns 404 'Not found' (streaming not deployed on this staging) AND exits 0 on failure,,,documented:blocked-backend
stream-append,Streaming,mdf stream append --stream-id ID [--files FILE] [--file-count N] [--total-bytes N] [--api-url U] [--json],"As a lab, I want to register appended files or update counters on a stream, so that the stream reflects new data.",Reads --files JSON (list or {files}); calls stream_append. Output via format_result_or_json 'Files appended'.,authenticated; stream exists,yes,yes,cli/stream.py:append,,live run vs staging (authenticated),BLOCKED-BACKEND,streaming not deployed on staging,,,documented:blocked-backend
stream-status,Streaming,mdf stream status --stream-id ID [--api-url U] [--json],"As a lab, I want to check a stream's status, so that I know its state and file count.","Calls stream_status and outputs via format_result_or_json (raw JSON with --json, else success/error interpretation). Unlike backend stream-status, does NOT pretty-print fields on success.",authenticated; stream exists,yes,yes,cli/stream.py:status,"On success in non-json mode, format_result_or_json prints nothing (no success_msg passed), so a user sees no output for a healthy stream (stream.py:96-99).",live run vs staging (authenticated),BLOCKED-BACKEND,streaming not deployed on staging,,,documented:blocked-backend
stream-close,Streaming,mdf stream close --stream-id ID [--mint-doi/--no-mint-doi] [--title] [--description] [--authors FILE] [--keywords FILE] [--license] [--api-url U] [--json],"As a lab, I want to finalize a stream with metadata, so that it becomes a citable dataset.",Reads --authors/--keywords JSON files; calls stream_close. Output via format_result_or_json 'Stream closed: <id>'.,authenticated; stream exists,yes,yes,cli/stream.py:close,,live run vs staging (authenticated),BLOCKED-BACKEND,streaming not deployed on staging,,,documented:blocked-backend
stream-snapshot,Streaming,mdf stream snapshot --stream-id ID [--title] [--update] [--api-url U] [--json],"As a lab, I want to snapshot a stream into a dataset, so that I can publish a versioned copy while the stream continues.",Calls stream_snapshot. Output via format_result_or_json 'Snapshot created'.,authenticated; stream exists,yes,yes,cli/stream.py:snapshot,,live run vs staging (authenticated),BLOCKED-BACKEND,streaming not deployed on staging,,,documented:blocked-backend
stream-upload,Streaming,mdf stream upload --stream-id ID FILES... [--api-url U],"As a lab, I want to upload files to a stream, so that the actual data is stored.","Files > 6 MB use a presigned PUT path with a Rich progress bar + md5, then confirm; smaller files use a base64 stream_upload. Prints an uploaded summary table and an errors list. No nonzero exit even when some files fail.",authenticated; stream exists; files readable,yes,yes,"cli/stream.py:upload; core/backend_client.py:stream_get_upload_url,stream_confirm_upload,stream_upload","On per-file errors the command still exits 0 (no typer.Exit), so scripts cannot detect partial-upload failure (stream.py:282-285). | The presigned-path _file_stream closure captures file_path/md5 via late binding inside a loop; correct here only because it runs synchronously before the next iteration — fragile if refactored.",live run vs staging (authenticated),BLOCKED-BACKEND,streaming not deployed on staging; also exits 0 on failure,Deferred: should exit nonzero when uploads fail.,UNCHANGED — deferred.,documented:deferred
stream-files,Streaming,mdf stream files --stream-id ID [--api-url U],"As a lab, I want to list files already uploaded to a stream, so that I can confirm what was stored.","Calls stream_list_files. On success prints a count and a table (Filename, Size KB, Uploaded, Checksum). Empty -> '[dim]No files uploaded yet[/dim]'. On failure prints '[red]Error[/red]'. No --json flag.",authenticated; stream exists,yes,yes,cli/stream.py:list_files; core/backend_client.py:stream_list_files,checksum_md5 is sliced [:12] without a None guard (stream.py:316) — a missing checksum would raise; size always shown in KB even for large files.,live run vs staging (authenticated),BLOCKED-BACKEND,streaming not deployed on staging,,,documented:blocked-backend
skill-tool-registry,Skill/SDK,from mdf_agent.skill.mdf_tools import TOOLS  (flat name->callable registry),"As an AI agent, I want a flat registry of MDF tool functions, so that I can expose them as MCP/agent tools.","TOOLS maps ~29 names (mdf_health_check, mdf_scan_folder, mdf_create_manifest, mdf_suggest_mappings, mdf_validate_and_preview, mdf_publish, stream_*, search_datasets, get_citation, get_card, dataset_preview/sample, curation_*, edit_metadata, withdraw, resubmit, version_diff, delete_submission, admin_stats, dataset_stats) to handlers. Each handler is wrapped by agent_safe which adds success=True or returns {success:False,error,error_type} on exception.",varies per tool,partial,partial,skill/mdf_tools.py:TOOLS; skill/handlers.py:agent_safe,"skill.md documents only 5 actions (scan_folder/create_manifest/suggest_mappings/validate_and_preview/publish) while the registry exposes ~29 tools — the skill manifest is badly out of date. | All network handlers default service_instance='prod' (handlers.py), but the CLI default is 'staging' (config.resolve_service), so an agent and a human hit different services by default.",offline run,PASS,"mdf_tools.TOOLS imports cleanly with 29 tools; BUT skill.md is an 8-line stub (documents ~0/5, drift)",,,documented+tested
skill-scan-folder,Skill/SDK,skill tool: mdf_scan_folder(path),"As an AI agent, I want to recursively extract metadata from a folder, so that I can propose a manifest.","Recursively globs all files under path and runs discover_metadata, returning aggregated extractor output with success=True injected. No auth/network.",path exists,no,no,skill/handlers.py:scan_folder; extractors/registry.py:discover_metadata,rglob over the entire tree with no size/count guard could be slow on large directories; no filtering of hidden/system files (unlike the CLI preflight which skips dotfiles).,n/a,NOT-RUN,"local-only tool, not exercised this pass",,,documented+tested
skill-suggest-mappings,Skill/SDK,skill tool: mdf_suggest_mappings(headers),"As an AI agent, I want suggested field mappings from column headers, so that I can map raw data to MDF concepts.","Pure local heuristic: returns mappings only for headers containing 'temp'->measurement.temperature, 'energy'->dft.formation_energy, 'comp'->material.composition. All other headers are omitted. success=True injected.",none,no,no,skill/handlers.py:suggest_mappings,"Hardcoded 3-rule heuristic with substring matching; 'comp' matches 'computation'/'completed' etc., producing spurious material.composition mappings.",n/a,NOT-RUN,,,,documented+tested
skill-validate-and-preview,Skill/SDK,skill tool: mdf_validate_and_preview(path),"As an AI agent, I want to validate a manifest and see the submission JSON, so that I can check readiness before publishing.","Loads manifest from path, runs agent.validate() (errors+warnings) and agent.build_submission(), returns {validation, submission, success:True}. Raises (caught by agent_safe) if no mdf.yaml.",mdf.yaml at path,no,no,"skill/handlers.py:validate_and_preview; core/agent.py:validate,build_submission",,n/a,NOT-RUN,,,,documented+tested
skill-publish,Skill/SDK,"skill tool: mdf_publish(path, submit=False, test=False, update=False, token=None, service_instance='prod', ...)","As an AI agent, I want to publish (or dry-run) a manifest dataset, so that I can submit data on a user's behalf.","Loads manifest from path; calls agent.publish(dry_run=not submit). dry_run returns {success, payload}; submit uploads local files and calls submit(). Legacy client_id/scope args accepted and ignored. agent_safe wraps exceptions.",mdf.yaml at path; authenticated when submit=True,partial,partial,skill/handlers.py:publish; core/agent.py:publish,"No progress callbacks plumbed, so a long agent-driven upload is opaque; defaults to prod service which differs from CLI default.",n/a,BLOCKED-AUTH,,,,documented:blocked-auth
skill-backend-tools,Skill/SDK,skill tools: mdf_search_datasets / mdf_get_card / mdf_get_citation / mdf_check_status / mdf_list_submissions / mdf_dataset_preview / mdf_dataset_sample / mdf_dataset_stats / mdf_curation_* / mdf_edit_metadata / mdf_withdraw / mdf_resubmit / mdf_version_diff / mdf_delete_submission / mdf_admin_stats / mdf_stream_* / mdf_health_check,"As an AI agent, I want one-call wrappers over the backend API, so that I can search, inspect, curate, and stream without managing a client.","Each calls _run_backend_action(action, ...) which opens an authenticated BackendClient (service_instance default 'prod'), invokes the named method, and always closes the client. agent_safe normalizes the envelope. Read tools (search/card/citation/preview/sample) work without writes; curation/edit/withdraw/delete require curator/owner auth.",authenticated for write/curation tools; search/card public,partial,yes,skill/handlers.py:_run_backend_action and the per-action wrappers; skill/mdf_tools.py:TOOLS,"_run_backend_action calls BackendClient.authenticated() for read-only tools too, so an unauthenticated agent doing mdf_search_datasets/mdf_get_card triggers interactive Globus OAuth (handlers.py:39-49). | mdf_get_citation default format='all' but the underlying get_citation/format handling differs from the CLI default 'apa' — inconsistent defaults between SDK/skill and CLI. | mdf_dataset_stats maps to backend dataset_stats but there is no CLI command for it — only reachable via the skill.",n/a,BLOCKED-AUTH,,,,documented:blocked-auth
sdk-mdfagent-readers,Skill/SDK,"MDFAgent.search(query, ...), .show(source_id, ...), .versions(source_id, ...), .cite(source_id, format='all', ...), .pending(...)","As a CI/script, I want programmatic read access to MDF, so that I can integrate dataset discovery into pipelines.","Each method constructs BackendClient.authenticated(service_instance default 'prod'), calls the matching client method, closes, and returns the raw dict. .cite defaults format='all'; .versions takes no limit/offset (uses backend defaults).",network reachable; auth for non-public or forced by authenticated(),partial,yes,"core/agent.py:search,show,versions,cite,pending","SDK readers default service_instance='prod' while the CLI defaults to 'staging' — a script using MDFAgent().search() hits prod, surprising users who configured staging. | All readers use authenticated() so even public reads can trigger interactive login when run without a token in a TTY.",code review,FAIL-auth-public,readers force auth for public reads; SDK defaults service_instance='prod' while CLI defaults 'staging' -> divergent backends,"Documented: CLI public reads fixed via read_client, but SDK reader helpers still call authenticated() and default service_instance='prod' (vs CLI 'staging') — left for a follow-up.",,documented:open
sdk-mdfagent-curation,Skill/SDK,"MDFAgent.approve(source_id, mint_doi=True, ...), .reject(source_id, reason, ...)","As a CI/script, I want to approve or reject submissions programmatically, so that I can automate curation policy.","approve/reject build an authenticated client and call curation_approve/curation_reject, returning the raw envelope. No DOI resolution, no confirmation (unlike the CLI commands).",authenticated as curator,yes,yes,"core/agent.py:approve,reject","No DOI->source_id resolution at the SDK layer (the CLI commands add it), so passing a DOI silently fails or mis-targets.",code review,BLOCKED-AUTH,,,,documented:blocked-auth
sdk-mdfagent-publish,Skill/SDK,"MDFAgent.from_manifest(path).publish(dry_run=False, token=..., service_instance=..., progress_callback=..., on_files_resolved=..., on_file_done=...)","As a CI/script, I want to publish a manifest dataset with upload progress hooks, so that I can integrate publishing into automation with feedback.","build_submission then, if not dry_run, does an auth_check (is_submitter gate, skipped if endpoint absent), uploads local data_sources via HTTPS PUT to the NCSA MDF collection (replacing paths with globus:// URIs, also creating a .mdf/data.zip archive for directories), then submit(). Returns the backend envelope. Accepts a legacy authorizer arg for back-compat.",mdf.yaml present; authenticated as a submitter; data files local or globus URIs,yes,yes,"core/agent.py:publish,_upload_local_files,_https_put_file","auth_check failures are swallowed (except: pass), so on a backend lacking the endpoint a non-submitter proceeds to upload and only fails at submit (agent.py:722-728). | Uploads only happen when client._globus_data_token is set; with a bare MDF_CONNECT_TOKEN (no data token) local paths are submitted verbatim and never uploaded (agent.py:733-748).",code review,BLOCKED-AUTH,,,,documented:blocked-auth
sdk-mdfagent-clone,Skill/SDK,"MDFAgent().clone(source_id, output_dir, version=None, method='auto'|'https'|'transfer', progress_callback=..., stage_callback=...)  and .plan_clone(...)","As a CI/script, I want to download a dataset by the best available method, so that I can fetch data programmatically with progress.","Resolves DOI->id, fetches the card, picks zip (if a non-directory download_url exists) / https (file-by-file from globus:// NCSA URIs) / transfer (Globus Transfer, requires local GCP endpoint). zip falls back to https on BadZipFile. Returns {success, method, files_count, path, ...}; partial https failures return success=False with errors. plan_clone returns the plan without downloading.",dataset exists; auth tokens for HTTPS/transfer; GCP endpoint for --transfer,yes,yes,"core/agent.py:clone,plan_clone,_clone_via_zip,_clone_via_https,_clone_via_transfer",HTTPS clone only works for NCSA-collection globus:// URIs; non-NCSA sources are silently skipped with a stderr warning and can yield an empty download that still looks successful if any file resolves (agent.py:_resolve_globus_files).,code review,BLOCKED-AUTH,,,,documented:blocked-auth
sdk-mdfagent-stream,Skill/SDK,MDFAgent.stream_create/stream_append/stream_status/stream_close/stream_snapshot(...),"As a lab/script, I want programmatic stream lifecycle control, so that I can drive instrument streaming from code.","Each opens an authenticated client (service_instance default 'prod'), calls the matching client.stream_* method, closes, and returns the raw envelope. Mirrors the CLI 'mdf stream' group minus the actual file upload helper.",authenticated; stream exists for append/status/close/snapshot,yes,yes,"core/agent.py:stream_create,stream_append,stream_status,stream_close,stream_snapshot",No SDK equivalent of 'mdf stream upload' (presigned/base64 file upload); SDK callers can register files via stream_append but cannot push bytes through the agent API.,code review,BLOCKED-AUTH,,,,documented:blocked-auth
extractor-registry,Extractors,"discover_metadata(paths) -> dict  (used by mdf manifest discover, scan_folder)","As a researcher/agent, I want files auto-classified to the right extractor, so that metadata is pulled without manual selection.","Iterates EXTRACTORS = [PDFExtractor, TabularExtractor, JsonYamlExtractor] in order; the first whose can_extract(path) matches by suffix runs extract(), and results are deep-merged across files. First match wins per file; unmatched files contribute nothing.",files exist and readable,no,no,"extractors/registry.py:discover_metadata,EXTRACTORS",Extractor selection is purely by file extension (BaseExtractor.can_extract); a mislabeled file (e.g. JSON named .txt) is skipped silently with no metadata and no warning.,offline run,PASS,dispatches by extension via discover,,,documented+tested
extractor-tabular,Extractors,TabularExtractor.extract(path)  for .csv/.tsv/.xlsx/.xls,"As a researcher, I want column schemas and row counts pulled from spreadsheets/CSVs, so that my manifest documents the table structure.","For .xlsx/.xls uses pandas (returns {} if pandas/read fails) and records columns with dtypes + row_count under mdf.table_schema. For CSV/TSV uses csv.reader: first row = headers, counts remaining rows; returns columns (names only) + row_count under mdf.table_schema. Any read error returns {}.",file readable; pandas installed for Excel,no,no,extractors/tabular.py:TabularExtractor,"can_extract claims .tsv support but _extract_csv uses a default csv.reader (comma delimiter), so a real tab-separated file yields one giant malformed header column (tabular.py:42-49). | Each tabular file writes to the same mdf.table_schema key, so deep_merge across multiple CSVs in one discover run overwrites/merges into a single 'file' entry rather than preserving per-file schemas. | CSV path reads the whole file to count rows (sum over reader) — O(n) memory-light but slow for very large files; no row cap.",offline run,FAIL,.tsv parsed with comma reader -> entire tab header becomes ONE column 'a\tb\tc',Use a tab delimiter for .tsv files (extractors/tabular.py).,"PASS — tabbed.tsv -> 3 columns a,b,c.",fixed+retested:PASS
extractor-pdf,Extractors,PDFExtractor.extract(path)  for .pdf,"As a researcher, I want title/authors/DOI pulled from a paper PDF, so that my manifest is pre-filled from the publication.","Uses pypdf (returns {} if missing or load fails). Reads metadata title/author and scans page 1 text for a DOI regex. Emits DataCite-style dc.titles, dc.creators (author split on ';' or ', and '), and dc.relatedIdentifiers (DOI, IsPartOf). Returns {} if nothing found.",pypdf installed; readable PDF,no,no,"extractors/pdf.py:PDFExtractor,DOI_PATTERN","Author splitting on ';' or ', and ' is brittle: 'Doe, J., Smith, A.' becomes one creatorName 'Doe, J., Smith, A.' since plain commas are not delimiters (pdf.py:45-48). | DOI scanned only from page 1; DOIs in the footer/later pages are missed.",n/a,NOT-RUN,no PDF fixture this pass,,,documented+tested
extractor-json-yaml,Extractors,JsonYamlExtractor.extract(path)  for .json/.yml/.yaml,"As a researcher, I want the structure of JSON/YAML data files inferred, so that my manifest captures their schema.","Loads JSON or YAML (returns {} on read/parse error). Recursively infers a schema: dicts -> {key: schema}, lists -> [schema(first elem)] (or [] if empty), scalars -> python type name. Emits {mdf: {json_schema: {file, schema}}}.",file readable and parseable; PyYAML installed,no,no,extractors/json_yaml.py:JsonYamlExtractor,"List schema inferred from only the first element, so heterogeneous arrays are mis-typed (json_yaml.py:44-45). | All json/yaml files share the single mdf.json_schema key, so multiple files in one discover run collapse to one 'file' entry under deep_merge.",offline run,PASS-minor,json/yaml accepted by discover; contribution to summary is terse,,,documented+tested
pkg-install,Packaging,"pip install -e "".[extractors]""","As a new user, I want `pip install -e .` to install the modern mdf CLI, so that `mdf` works out of the box.",Installs mdf_agent (pyproject) and exposes the `mdf` entry point.,Python >=3.10,no,yes,pyproject.toml; setup.py(legacy),Root legacy setup.py (mdf_connect_client) coexists with pyproject (mdf_agent); old pip picks legacy setup.py and the editable install fails / installs the wrong package,clean-env install,FAIL,default `pip install -e .` picks legacy root setup.py; needs isolated PEP517 build / pyproject to win,Documented: legacy root setup.py shadows pyproject under old pip; modern PEP517 build installs mdf_agent cleanly.,,documented:open
pkg-deps-globus,Packaging,(import on any `mdf` command),"As a user on a clean machine, I want a fresh install to import successfully.",All `mdf` commands import cleanly.,none,no,no,pyproject.toml deps; auth/globus.py:21,"pin `globus-sdk>=3.0` allows 4.x, which removed `globus_sdk.tokenstorage` -> every command crashes with ModuleNotFoundError on a default fresh install",clean-env import,FAIL,fresh install pulled globus-sdk 4.8.1 -> ModuleNotFoundError: globus_sdk.tokenstorage; had to pin <4,"Pinned globus-sdk>=3.0,<4 in pyproject.toml (4.x removed globus_sdk.tokenstorage).",PASS — fresh import works on globus-sdk 3.65.0.,fixed+retested:PASS
global-version-flag,Global,mdf --version,"As a user, I want `mdf --version`, so that I can report which version I'm running.",Prints the version and exits 0.,none,no,no,cli/main.py:app callback,No --version option: `mdf --version` errors 'No such option' (exit 2),offline run,FAIL,`mdf --version` -> No such option (exit 2),Added --version/-V eager option to the main callback (cli/main.py).,PASS — `mdf --version` -> 'mdf 0.2.0'.,fixed+retested:PASS
global-help,Global,mdf --help / mdf (no args),"As a user, I want help and a first-run welcome, so that I can discover commands.",`mdf --help` lists visible commands in panels; no-config first run shows a welcome panel.,none,no,no,cli/main.py:main_callback,~19 hidden top-level aliases (cite/preview/doctor/whoami/watch/validate/update/pending/approve/reject/...) are not shown by --help yet README documents several as primary commands,offline run,PASS-minor,help renders; hidden-alias/README drift is the issue,,,documented+tested
global-service-targeting,Global,--service prod|staging|dev|local / MDF_API_URL,"As a user, I want to target prod/staging/dev/local, so that I can test safely.",--service selects the backend URL; unknown service should error cleanly.,none,no,yes,core/backend_client.py:_api_url_for_service; core/config.py:resolve_service,`mdf search --service bogus` raises an unhandled ValueError and prints a raw Python traceback instead of a friendly error,live run vs staging,FAIL,bogus service -> raw ValueError traceback,read_client() catches the unknown-service ValueError and prints a clean message instead of a traceback.,"PASS — bogus --service prints one-line error, no traceback.",fixed+retested:PASS
display-rich-markup,Global,(any command that renders a backend title/description/author),"As a user, I want titles/descriptions shown verbatim, so that bracketed text isn't silently dropped.",User-provided strings render exactly as stored.,none,no,yes,cli/main.py:show/_render_status_details/search/list tables,"Backend strings containing [..] were parsed as Rich markup and dropped (e.g. a '[mdf-agent test] X' title displayed as ' X'); data stored fine, display mangled",live run vs staging,FAIL,title '[BRACKET]...' displayed with the bracket segment dropped (Rich markup parsing of untrusted data),"Escape untrusted backend strings with rich.markup.escape in the show card, status detail, and search/list tables.",PASS — '[BRACKET] clone+escape retest' and 'Has [markup] in [the] title.' now render verbatim in mdf show.,fixed+retested:PASS
contract-staging-url,Backend contract,--service staging,"As a user, I want `--service staging` to hit the current staging backend, so that my commands reach the live deployment.",staging resolves to the new API Gateway URL.,none,no,yes,core/backend_client.py:_V2_API_URLS; README.md; examples/*,staging URL moved hjccjf3eqg -> 3xicgt0g7l (CONTRACT_CHANGES.md); prod URL change pending,live run vs NEW staging,PASS,config doctor/search/list/publish/delete all reach 3xicgt0g7l,Updated _V2_API_URLS['staging'] to the new API Gateway URL (+ README + examples/*); prod left for the forthcoming change.,"PASS — doctor shows 'staging (https://3xicgt0g7l...)', healthy; search/list/publish work.",fixed+retested:PASS
contract-acl-reads,Backend contract,mdf show/dataset cite/preview/related (ACL-gated),"As a dataset owner, I want my own restricted datasets readable when I'm logged in, while anonymous users only see public data, so that access matches the new ACL rules.","Logged-in users send their token (see public + owned/curated, incl restricted); anonymous users get a public-only client and a clean 404 for restricted, with no forced login.",none,partial,yes,cli/formatting.py:read_client; CONTRACT_CHANGES.md#2,read_client previously ignored a cached Globus login -> logged-in users hit ACL-gated reads anonymously (404 on their own restricted data),live run vs NEW staging,PASS,"anonymous: public-only + clean 404, no prompt; logged-in: token sent (verified read_client returns an authenticated client)",read_client now treats a cached Globus login as credentials (is_logged_in) so logged-in users authenticate without a new prompt; anonymous stays public-only.,PASS — anonymous public read + clean 404 (no prompt); logged-in read_client returns an authenticated (token-bearing) client.,fixed+retested:PASS
contract-semantic-auth,Backend contract,mdf search --semantic,"As a user, I want semantic search to use my login (now required), so that it works when authed and tells me to log in when not.","Logged-in: token sent, results (or a clear 'no snapshot' message). Anonymous: friendly 'Semantic search requires login. Run: mdf login'.",none,yes,yes,cli/main.py:search; CONTRACT_CHANGES.md#1,/search/semantic now 401s anonymously; client must send a token and surface a login hint instead of a misleading 'No results',live run vs NEW staging,PASS,anonymous -> 'requires login' hint; logged-in -> token sent (reached 'no snapshot' availability check),search --semantic flows through the now-auth-aware read_client; anonymous 401 is detected and shown as a clear login hint.,"PASS — anonymous: 'Semantic search requires login'; logged-in: token sent, 'no snapshot' message from new staging.",fixed+retested:PASS
contract-publish-failed,Backend contract,(status display for the new 'publish_failed' state),"As a submitter, I want the new publish_failed status shown clearly, so that I know an approved dataset isn't live yet.","publish_failed renders as a distinct red badge, is a terminal state for --watch, and shows a 'not yet live / will retry' next-step.",none,yes,yes,cli/formatting.py:_STATUS_STYLES; cli/main.py:_watch_submission/_render_status_details; CONTRACT_CHANGES.md#5,new status value publish_failed was unmapped (would render dim/unknown and watch would never terminate on it),unit,PASS,badge renders red; added to watch terminal states + status next-steps (live trigger not reproducible),"Mapped publish_failed in _STATUS_STYLES, added to _watch_submission terminal states, and added a next-step branch in _render_status_details.",PASS (unit) — badge + terminal-state + next-step verified.,fixed+retested:PASS
global-completion,Global,mdf --install-completion / --show-completion,"As a shell user, I want tab-completion, so that I can type commands faster.",Installs/prints shell completion script.,none,no,no,typer add_completion=True,,n/a,NOT-RUN,,,,documented+tested
